"Event ID","Event Name",Description,"Date From","Date To","Time from","Time to",Volunteers,"Local Address",City,State,Status
1,Event1,"Lorem ipsum dolor sit amet, consectetur adipisicing elit. Autem doloremque enim soluta eligendi",0000-00-00,0000-00-00,"3:00 PM","5:00 PM",20,hjfdbghbfgbjfb,Bengaluru,Karnataka,Completed,,
2,Event1,"Lorem ipsum dolor sit amet, consectetur adipisicing elit. Autem doloremque enim soluta eligendi",1998-12-16,1999-01-16,"3:00 PM","5:00 PM",20,hjfdbghbfgbjfb,Bengaluru,Karnataka,Completed,,
3,Event1,"Lorem ipsum dolor sit amet, consectetur adipisicing elit. Autem doloremque enim soluta eligendi",1998-12-16,1999-01-16,"3:00 PM","5:00 PM",20,hjfdbghbfgbjfb,Bengaluru,Karnataka,Completed,,
4,Event1,"Lorem ipsum dolor sit amet, consectetur adipisicing elit. Autem doloremque enim soluta eligendi",1998-12-16,1999-01-16,"3:00 PM","5:00 PM",20,hjfdbghbfgbjfb,Bengaluru,Karnataka,Completed,,
5,Event1,"Lorem ipsum dolor sit amet, consectetur adipisicing elit. Autem doloremque enim soluta eligendi",1998-12-16,1999-01-16,"3:00 PM","5:00 PM",20,hjfdbghbfgbjfb,Bengaluru,Karnataka,Completed,,
6,Event1,"Lorem ipsum dolor sit amet, consectetur adipisicing elit. Autem doloremque enim soluta eligendi",1998-12-17,1999-01-16,"3:00 PM","5:30 PM",20,hjfdbghbfgbjfb,Bengaluru,Karnataka,Completed,,
